{
  "assetCategories": {
    "surface": {
      "concrete": {
        "rough": {}
      }
    }
  },
  "averageColor": "#000000",
  "categories": [
    "surface",
    "concrete",
    "rough"
  ],
  "comp_version": 1,
  "description": "",
  "displacementBias": 0.631608,
  "displacementCalibrationAccuracy": 0.990822,
  "displacementScale": 0.986355,
  "environment": {
    "biome": "urban",
    "region": "Asia"
  },
  "highest_available_res": 8192,
  "id": "wfribhq",
  "json": {
    "contentLength": 12662,
    "uri": "wfribhq.json"
  },
  "maps": [
    {
      "averageColor": "#F3F3F3",
      "bitDepth": 32,
      "colorSpace": "sRGB",
      "contentLength": 178095140,
      "maxIntensity": 255,
      "mimeType": "image/x-exr",
      "minIntensity": 177,
      "name": "AO",
      "physicalSize": "2x2",
      "resolution": "8192x8192",
      "type": "ao",
      "uri": "wfribhq_8K_AO.exr"
    },
    {
      "averageColor": "#F3F3F3",
      "bitDepth": 8,
      "colorSpace": "sRGB",
      "contentLength": 32155576,
      "maxIntensity": 255,
      "mimeType": "image/jpeg",
      "minIntensity": 177,
      "name": "AO",
      "physicalSize": "2x2",
      "resolution": "8192x8192",
      "type": "ao",
      "uri": "wfribhq_8K_AO.jpg"
    },
    {
      "averageColor": "#53463E",
      "bitDepth": 16,
      "colorSpace": "sRGB",
      "contentLength": 246047544,
      "maxIntensity": 91,
      "mimeType": "image/x-exr",
      "minIntensity": 48,
      "name": "Basecolor",
      "physicalSize": "2x2",
      "resolution": "8192x8192",
      "type": "basecolor",
      "uri": "wfribhq_8K_Basecolor.exr"
    },
    {
      "averageColor": "#53463E",
      "bitDepth": 8,
      "colorSpace": "sRGB",
      "contentLength": 44073436,
      "maxIntensity": 91,
      "mimeType": "image/jpeg",
      "minIntensity": 48,
      "name": "Basecolor",
      "physicalSize": "2x2",
      "resolution": "8192x8192",
      "type": "basecolor",
      "uri": "wfribhq_8K_Basecolor.jpg"
    },
    {
      "averageColor": "#808080",
      "bitDepth": 32,
      "colorSpace": "Linear",
      "contentLength": 199255693,
      "maxIntensity": 255,
      "mimeType": "image/x-exr",
      "minIntensity": 0,
      "name": "Bump",
      "physicalSize": "2x2",
      "resolution": "8192x8192",
      "type": "bump",
      "uri": "wfribhq_8K_Bump.exr"
    },
    {
      "averageColor": "#808080",
      "bitDepth": 8,
      "colorSpace": "Linear",
      "contentLength": 17534013,
      "maxIntensity": 255,
      "mimeType": "image/jpeg",
      "minIntensity": 0,
      "name": "Bump",
      "physicalSize": "2x2",
      "resolution": "8192x8192",
      "type": "bump",
      "uri": "wfribhq_8K_Bump.jpg"
    },
    {
      "averageColor": "#FFFFFF",
      "bitDepth": 32,
      "colorSpace": "sRGB",
      "contentLength": 211460568,
      "maxIntensity": 255,
      "mimeType": "image/x-exr",
      "minIntensity": 255,
      "name": "Cavity",
      "physicalSize": "2x2",
      "resolution": "8192x8192",
      "type": "cavity",
      "uri": "wfribhq_8K_Cavity.exr"
    },
    {
      "averageColor": "#FFFFFF",
      "bitDepth": 8,
      "colorSpace": "sRGB",
      "contentLength": 45305497,
      "maxIntensity": 255,
      "mimeType": "image/jpeg",
      "minIntensity": 255,
      "name": "Cavity",
      "physicalSize": "2x2",
      "resolution": "8192x8192",
      "type": "cavity",
      "uri": "wfribhq_8K_Cavity.jpg"
    },
    {
      "averageColor": "#808080",
      "bitDepth": 32,
      "colorSpace": "Linear",
      "contentLength": 264746484,
      "maxIntensity": 140,
      "mimeType": "image/x-exr",
      "minIntensity": 110,
      "name": "Displacement",
      "physicalSize": "2x2",
      "resolution": "8192x8192",
      "type": "displacement",
      "uri": "wfribhq_8K_Displacement.exr"
    },
    {
      "averageColor": "#808080",
      "bitDepth": 8,
      "colorSpace": "Linear",
      "contentLength": 7168716,
      "maxIntensity": 140,
      "mimeType": "image/jpeg",
      "minIntensity": 110,
      "name": "Displacement",
      "physicalSize": "2x2",
      "resolution": "8192x8192",
      "type": "displacement",
      "uri": "wfribhq_8K_Displacement.jpg"
    },
    {
      "averageColor": "#2C2C2C",
      "bitDepth": 32,
      "colorSpace": "Linear",
      "contentLength": 173358406,
      "maxIntensity": 54,
      "mimeType": "image/x-exr",
      "minIntensity": 25,
      "name": "Gloss",
      "physicalSize": "2x2",
      "resolution": "8192x8192",
      "type": "gloss",
      "uri": "wfribhq_8K_Gloss.exr"
    },
    {
      "averageColor": "#2C2C2C",
      "bitDepth": 8,
      "colorSpace": "Linear",
      "contentLength": 26816140,
      "maxIntensity": 54,
      "mimeType": "image/jpeg",
      "minIntensity": 25,
      "name": "Gloss",
      "physicalSize": "2x2",
      "resolution": "8192x8192",
      "type": "gloss",
      "uri": "wfribhq_8K_Gloss.jpg"
    },
    {
      "averageColor": "#8282FD",
      "bitDepth": 16,
      "colorSpace": "Linear",
      "contentLength": 194138209,
      "maxIntensity": 169,
      "mimeType": "image/x-exr",
      "minIntensity": 117,
      "name": "Normal",
      "physicalSize": "2x2",
      "resolution": "8192x8192",
      "type": "normal",
      "uri": "wfribhq_8K_Normal.exr"
    },
    {
      "averageColor": "#8282FD",
      "bitDepth": 8,
      "colorSpace": "Linear",
      "contentLength": 73359110,
      "maxIntensity": 169,
      "mimeType": "image/jpeg",
      "minIntensity": 117,
      "name": "Normal",
      "physicalSize": "2x2",
      "resolution": "8192x8192",
      "type": "normal",
      "uri": "wfribhq_8K_Normal.jpg"
    },
    {
      "averageColor": "#D3D3D3",
      "bitDepth": 32,
      "colorSpace": "Linear",
      "contentLength": 158274332,
      "maxIntensity": 230,
      "mimeType": "image/x-exr",
      "minIntensity": 201,
      "name": "Roughness",
      "physicalSize": "2x2",
      "resolution": "8192x8192",
      "type": "roughness",
      "uri": "wfribhq_8K_Roughness.exr"
    },
    {
      "averageColor": "#D3D3D3",
      "bitDepth": 8,
      "colorSpace": "Linear",
      "contentLength": 25166583,
      "maxIntensity": 230,
      "mimeType": "image/jpeg",
      "minIntensity": 201,
      "name": "Roughness",
      "physicalSize": "2x2",
      "resolution": "8192x8192",
      "type": "roughness",
      "uri": "wfribhq_8K_Roughness.jpg"
    },
    {
      "averageColor": "#383838",
      "bitDepth": 16,
      "colorSpace": "sRGB",
      "contentLength": 232638266,
      "maxIntensity": 56,
      "mimeType": "image/x-exr",
      "minIntensity": 56,
      "name": "Specular",
      "physicalSize": "2x2",
      "resolution": "8192x8192",
      "type": "specular",
      "uri": "wfribhq_8K_Specular.exr"
    },
    {
      "averageColor": "#383838",
      "bitDepth": 8,
      "colorSpace": "sRGB",
      "contentLength": 27270045,
      "maxIntensity": 56,
      "mimeType": "image/jpeg",
      "minIntensity": 56,
      "name": "Specular",
      "physicalSize": "2x2",
      "resolution": "8192x8192",
      "type": "specular",
      "uri": "wfribhq_8K_Specular.jpg"
    }
  ],
  "meta": [
    {
      "key": "scanArea",
      "name": "Scan Area",
      "value": "2x2 m"
    },
    {
      "key": "height",
      "name": "Height",
      "value": "0.024 m"
    },
    {
      "key": "tileable",
      "name": "Tileable",
      "value": true
    },
    {
      "key": "tiling_directions",
      "name": "Tiling Directions",
      "value": [
        "x",
        "y"
      ]
    },
    {
      "key": "texelDensity",
      "name": "Texel Density",
      "value": "4096 px/m"
    },
    {
      "key": "calibration",
      "name": "Calibration",
      "value": "GretagMacbeth ColorChecker Color Rendition Chart"
    },
    {
      "key": "scanner",
      "name": "Scanner",
      "value": "MKX"
    }
  ],
  "models": [],
  "name": "Slate Floor Tiles",
  "pack": null,
  "physicalSize": null,
  "points": 2,
  "previews": {
    "images": [
      {
        "contentLength": 238518,
        "resolution": "360x360",
        "tags": [
          "thumb"
        ],
        "uri": "wfribhq_Grid_360.png"
      },
      {
        "contentLength": 323167,
        "resolution": "420x420",
        "tags": [
          "thumb"
        ],
        "uri": "wfribhq_Grid_420.png"
      },
      {
        "contentLength": 970597,
        "resolution": "720x720",
        "tags": [
          "thumb",
          "retina"
        ],
        "uri": "wfribhq_Grid_720.png"
      },
      {
        "contentLength": 1331213,
        "resolution": "840x840",
        "tags": [
          "thumb",
          "retina"
        ],
        "uri": "wfribhq_Grid_840.png"
      },
      {
        "contentLength": 2604444,
        "resolution": "1440x768",
        "tags": [
          "preview",
          "clay"
        ],
        "uri": "wfribhq_PopupClay_1440.png"
      },
      {
        "contentLength": 4915924,
        "resolution": "1920x1080",
        "tags": [
          "preview",
          "clay"
        ],
        "uri": "wfribhq_PopupClay_1920.png"
      },
      {
        "contentLength": 10635310,
        "resolution": "2880x1536",
        "tags": [
          "preview",
          "clay",
          "retina"
        ],
        "uri": "wfribhq_PopupClay_2880.png"
      },
      {
        "contentLength": 20571153,
        "resolution": "3840x2160",
        "tags": [
          "preview",
          "clay",
          "retina"
        ],
        "uri": "wfribhq_PopupClay_3840.png"
      },
      {
        "contentLength": 2773448,
        "resolution": "1440x768",
        "tags": [
          "preview",
          "tiled"
        ],
        "uri": "wfribhq_PopupTiled_1440.png"
      },
      {
        "contentLength": 5188402,
        "resolution": "1920x1080",
        "tags": [
          "preview",
          "tiled"
        ],
        "uri": "wfribhq_PopupTiled_1920.png"
      },
      {
        "contentLength": 11098807,
        "resolution": "2880x1536",
        "tags": [
          "preview",
          "tiled",
          "retina"
        ],
        "uri": "wfribhq_PopupTiled_2880.png"
      },
      {
        "contentLength": 21440441,
        "resolution": "3840x2160",
        "tags": [
          "preview",
          "tiled",
          "retina"
        ],
        "uri": "wfribhq_PopupTiled_3840.png"
      },
      {
        "contentLength": 2773713,
        "resolution": "1440x768",
        "tags": [
          "preview"
        ],
        "uri": "wfribhq_Popup_1440.png"
      },
      {
        "contentLength": 5241297,
        "resolution": "1920x1080",
        "tags": [
          "preview"
        ],
        "uri": "wfribhq_Popup_1920.png"
      },
      {
        "contentLength": 11353191,
        "resolution": "2880x1536",
        "tags": [
          "preview",
          "retina"
        ],
        "uri": "wfribhq_Popup_2880.png"
      },
      {
        "contentLength": 22182284,
        "resolution": "3840x2160",
        "tags": [
          "preview",
          "retina"
        ],
        "uri": "wfribhq_Popup_3840.png"
      }
    ],
    "relativeSize": "1x1",
    "scaleReferences": []
  },
  "process_date": "2024-04-16 20:20:19",
  "properties": [],
  "referencePreviews": {
    "maps": [],
    "models": []
  },
  "references": [],
  "revised": false,
  "revision": 0,
  "semanticTags": {
    "architectural_style": {},
    "asset_type": "surface",
    "color": [
      "Gray"
    ],
    "contains": [
      "slate",
      "stone",
      "pavers"
    ],
    "country": "South Africa",
    "descriptive": [
      "old",
      "weathered",
      "dirty",
      "rough",
      "brown"
    ],
    "environment": [
      "urban"
    ],
    "industry": [
      "archviz",
      "games",
      "VFX"
    ],
    "interior_exterior": [
      "exterior"
    ],
    "locations": {
      "Africa": {
        "South Africa": {}
      }
    },
    "maxSize": 2,
    "minSize": 2,
    "name": "Slate Floor Tiles",
    "orientation": [
      "floor"
    ],
    "region": "Africa",
    "state": [
      "old"
    ],
    "subject_matter": "manmade",
    "theme": [
      "Urban",
      "exteriors",
      "outdoors",
      "floors",
      "pavement",
      "flooring",
      "parks",
      "patio",
      "driveway",
      "roads",
      "streets"
    ]
  },
  "tags": [
    "gray",
    "urban",
    "exteriors",
    "outdoors",
    "floors",
    "pavement",
    "flooring",
    "parks",
    "patio",
    "driveway",
    "roads",
    "streets",
    "concrete",
    "cement",
    "old",
    "weathered",
    "dirty",
    "rough"
  ],
  "texelDensity": 4096,
  "texture_type": "basic",
  "ue_plugin_archives": [
    {
      "contentLength": 276437354,
      "gltfVersion": "2.0",
      "tier": 0,
      "type": "gltf",
      "uri": "ue_plugin_archives/tier_0/wfribhq_tier_0.zip",
      "version": 1
    },
    {
      "contentLength": 90933687,
      "gltfVersion": "2.0",
      "tier": 1,
      "type": "gltf",
      "uri": "ue_plugin_archives/tier_1/wfribhq_tier_1.zip",
      "version": 1
    },
    {
      "contentLength": 22048882,
      "gltfVersion": "2.0",
      "tier": 2,
      "type": "gltf",
      "uri": "ue_plugin_archives/tier_2/wfribhq_tier_2.zip",
      "version": 1
    },
    {
      "contentLength": 1627454,
      "gltfVersion": "2.0",
      "tier": 3,
      "type": "gltf",
      "uri": "ue_plugin_archives/tier_3/wfribhq_tier_3.zip",
      "version": 1
    }
  ],
  "version": 2
}