{
  "assetCategories": {
    "surface": {
      "grass": {
        "wild": {}
      },
      "ground": {
        "forest": {}
      }
    }
  },
  "averageColor": "#403A0D",
  "categories": [
    "surface",
    "ground",
    "forest"
  ],
  "comp_version": 1,
  "description": "",
  "displacementBias": 0.365148,
  "displacementCalibrationAccuracy": 0.959269,
  "displacementScale": 2.916787,
  "environment": {
    "biome": "undefined",
    "region": "undefined"
  },
  "highest_available_res": 8192,
  "id": "sfjmafua",
  "json": {
    "contentLength": 12342,
    "uri": "sfjmafua.json"
  },
  "maps": [
    {
      "averageColor": "#C4C4C4",
      "bitDepth": 32,
      "colorSpace": "sRGB",
      "contentLength": 102257101,
      "maxIntensity": 248,
      "mimeType": "image/x-exr",
      "minIntensity": 97,
      "name": "AO",
      "physicalSize": "2x2",
      "resolution": "8192x8192",
      "type": "ao",
      "uri": "sfjmafua_8K_AO.exr"
    },
    {
      "averageColor": "#C4C4C4",
      "bitDepth": 8,
      "colorSpace": "sRGB",
      "contentLength": 38850712,
      "maxIntensity": 248,
      "mimeType": "image/jpeg",
      "minIntensity": 97,
      "name": "AO",
      "physicalSize": "2x2",
      "resolution": "8192x8192",
      "type": "ao",
      "uri": "sfjmafua_8K_AO.jpg"
    },
    {
      "averageColor": "#403A0D",
      "bitDepth": 16,
      "colorSpace": "sRGB",
      "contentLength": 254000451,
      "maxIntensity": 116,
      "mimeType": "image/x-exr",
      "minIntensity": 16,
      "name": "Basecolor",
      "physicalSize": "2x2",
      "resolution": "8192x8192",
      "type": "basecolor",
      "uri": "sfjmafua_8K_Basecolor.exr"
    },
    {
      "averageColor": "#403A0D",
      "bitDepth": 8,
      "colorSpace": "sRGB",
      "contentLength": 50655451,
      "maxIntensity": 116,
      "mimeType": "image/jpeg",
      "minIntensity": 16,
      "name": "Basecolor",
      "physicalSize": "2x2",
      "resolution": "8192x8192",
      "type": "basecolor",
      "uri": "sfjmafua_8K_Basecolor.jpg"
    },
    {
      "averageColor": "#808080",
      "bitDepth": 32,
      "colorSpace": "Linear",
      "contentLength": 216221978,
      "maxIntensity": 255,
      "mimeType": "image/x-exr",
      "minIntensity": 0,
      "name": "Bump",
      "physicalSize": "2x2",
      "resolution": "8192x8192",
      "type": "bump",
      "uri": "sfjmafua_8K_Bump.exr"
    },
    {
      "averageColor": "#808080",
      "bitDepth": 8,
      "colorSpace": "Linear",
      "contentLength": 32478071,
      "maxIntensity": 255,
      "mimeType": "image/jpeg",
      "minIntensity": 0,
      "name": "Bump",
      "physicalSize": "2x2",
      "resolution": "8192x8192",
      "type": "bump",
      "uri": "sfjmafua_8K_Bump.jpg"
    },
    {
      "averageColor": "#D5D5D5",
      "bitDepth": 32,
      "colorSpace": "sRGB",
      "contentLength": 208931008,
      "maxIntensity": 240.91,
      "mimeType": "image/x-exr",
      "minIntensity": 0,
      "name": "Cavity",
      "physicalSize": "2x2",
      "resolution": "8192x8192",
      "type": "cavity",
      "uri": "sfjmafua_8K_Cavity.exr"
    },
    {
      "averageColor": "#D5D5D5",
      "bitDepth": 8,
      "colorSpace": "sRGB",
      "contentLength": 46785737,
      "maxIntensity": 240.91,
      "mimeType": "image/jpeg",
      "minIntensity": 0,
      "name": "Cavity",
      "physicalSize": "2x2",
      "resolution": "8192x8192",
      "type": "cavity",
      "uri": "sfjmafua_8K_Cavity.jpg"
    },
    {
      "averageColor": "#6B6B6B",
      "bitDepth": 32,
      "colorSpace": "Linear",
      "contentLength": 231237389,
      "maxIntensity": 192,
      "mimeType": "image/x-exr",
      "minIntensity": 60,
      "name": "Displacement",
      "physicalSize": "2x2",
      "resolution": "8192x8192",
      "type": "displacement",
      "uri": "sfjmafua_8K_Displacement.exr"
    },
    {
      "averageColor": "#6B6B6B",
      "bitDepth": 8,
      "colorSpace": "Linear",
      "contentLength": 6824794,
      "maxIntensity": 192,
      "mimeType": "image/jpeg",
      "minIntensity": 60,
      "name": "Displacement",
      "physicalSize": "2x2",
      "resolution": "8192x8192",
      "type": "displacement",
      "uri": "sfjmafua_8K_Displacement.jpg"
    },
    {
      "averageColor": "#383838",
      "bitDepth": 32,
      "colorSpace": "Linear",
      "contentLength": 136491769,
      "maxIntensity": 117,
      "mimeType": "image/x-exr",
      "minIntensity": 0,
      "name": "Gloss",
      "physicalSize": "2x2",
      "resolution": "8192x8192",
      "type": "gloss",
      "uri": "sfjmafua_8K_Gloss.exr"
    },
    {
      "averageColor": "#383838",
      "bitDepth": 8,
      "colorSpace": "Linear",
      "contentLength": 36019713,
      "maxIntensity": 117,
      "mimeType": "image/jpeg",
      "minIntensity": 0,
      "name": "Gloss",
      "physicalSize": "2x2",
      "resolution": "8192x8192",
      "type": "gloss",
      "uri": "sfjmafua_8K_Gloss.jpg"
    },
    {
      "averageColor": "#8182F6",
      "bitDepth": 16,
      "colorSpace": "Linear",
      "contentLength": 213563323,
      "maxIntensity": 202,
      "mimeType": "image/x-exr",
      "minIntensity": 70,
      "name": "Normal",
      "physicalSize": "2x2",
      "resolution": "8192x8192",
      "type": "normal",
      "uri": "sfjmafua_8K_Normal.exr"
    },
    {
      "averageColor": "#8182F6",
      "bitDepth": 8,
      "colorSpace": "Linear",
      "contentLength": 82954960,
      "maxIntensity": 202,
      "mimeType": "image/jpeg",
      "minIntensity": 70,
      "name": "Normal",
      "physicalSize": "2x2",
      "resolution": "8192x8192",
      "type": "normal",
      "uri": "sfjmafua_8K_Normal.jpg"
    },
    {
      "averageColor": "#C7C7C7",
      "bitDepth": 32,
      "colorSpace": "Linear",
      "contentLength": 151322745,
      "maxIntensity": 255,
      "mimeType": "image/x-exr",
      "minIntensity": 138,
      "name": "Roughness",
      "physicalSize": "2x2",
      "resolution": "8192x8192",
      "type": "roughness",
      "uri": "sfjmafua_8K_Roughness.exr"
    },
    {
      "averageColor": "#C7C7C7",
      "bitDepth": 8,
      "colorSpace": "Linear",
      "contentLength": 34866034,
      "maxIntensity": 255,
      "mimeType": "image/jpeg",
      "minIntensity": 138,
      "name": "Roughness",
      "physicalSize": "2x2",
      "resolution": "8192x8192",
      "type": "roughness",
      "uri": "sfjmafua_8K_Roughness.jpg"
    },
    {
      "averageColor": "#2F2F2F",
      "bitDepth": 16,
      "colorSpace": "sRGB",
      "contentLength": 224769999,
      "maxIntensity": 53,
      "mimeType": "image/x-exr",
      "minIntensity": 0,
      "name": "Specular",
      "physicalSize": "2x2",
      "resolution": "8192x8192",
      "type": "specular",
      "uri": "sfjmafua_8K_Specular.exr"
    },
    {
      "averageColor": "#2F2F2F",
      "bitDepth": 8,
      "colorSpace": "sRGB",
      "contentLength": 21176276,
      "maxIntensity": 53,
      "mimeType": "image/jpeg",
      "minIntensity": 0,
      "name": "Specular",
      "physicalSize": "2x2",
      "resolution": "8192x8192",
      "type": "specular",
      "uri": "sfjmafua_8K_Specular.jpg"
    }
  ],
  "meta": [
    {
      "key": "scanArea",
      "name": "Scan Area",
      "value": "2x2 m"
    },
    {
      "key": "height",
      "name": "Height",
      "value": "0.104 m"
    },
    {
      "key": "tileable",
      "name": "Tileable",
      "value": true
    },
    {
      "key": "texelDensity",
      "name": "Texel Density",
      "value": "4096 px/m"
    },
    {
      "key": "calibration",
      "name": "Calibration",
      "value": "GretagMacbeth ColorChecker Color Rendition Chart"
    },
    {
      "key": "scanner",
      "name": "Scanner",
      "value": "MKX"
    }
  ],
  "models": [],
  "name": "Forest Floor",
  "pack": {
    "_id": "forest-floors",
    "name": "Forest Floors"
  },
  "physicalSize": null,
  "points": 2,
  "previews": {
    "images": [
      {
        "contentLength": 281797,
        "resolution": "360x360",
        "tags": [
          "thumb"
        ],
        "uri": "sfjmafua_Grid_360.png"
      },
      {
        "contentLength": 381772,
        "resolution": "420x420",
        "tags": [
          "thumb"
        ],
        "uri": "sfjmafua_Grid_420.png"
      },
      {
        "contentLength": 1086042,
        "resolution": "720x720",
        "tags": [
          "thumb",
          "retina"
        ],
        "uri": "sfjmafua_Grid_720.png"
      },
      {
        "contentLength": 1454824,
        "resolution": "840x840",
        "tags": [
          "thumb",
          "retina"
        ],
        "uri": "sfjmafua_Grid_840.png"
      },
      {
        "contentLength": 3044467,
        "resolution": "1440x768",
        "tags": [
          "preview",
          "clay"
        ],
        "uri": "sfjmafua_PopupClay_1440.png"
      },
      {
        "contentLength": 5598439,
        "resolution": "1920x1080",
        "tags": [
          "preview",
          "clay"
        ],
        "uri": "sfjmafua_PopupClay_1920.png"
      },
      {
        "contentLength": 11580358,
        "resolution": "2880x1536",
        "tags": [
          "preview",
          "clay",
          "retina"
        ],
        "uri": "sfjmafua_PopupClay_2880.png"
      },
      {
        "contentLength": 21476561,
        "resolution": "3840x2160",
        "tags": [
          "preview",
          "clay",
          "retina"
        ],
        "uri": "sfjmafua_PopupClay_3840.png"
      },
      {
        "contentLength": 2925208,
        "resolution": "1440x768",
        "tags": [
          "preview",
          "tiled"
        ],
        "uri": "sfjmafua_PopupTiled_1440.png"
      },
      {
        "contentLength": 5423822,
        "resolution": "1920x1080",
        "tags": [
          "preview",
          "tiled"
        ],
        "uri": "sfjmafua_PopupTiled_1920.png"
      },
      {
        "contentLength": 11334341,
        "resolution": "2880x1536",
        "tags": [
          "preview",
          "tiled",
          "retina"
        ],
        "uri": "sfjmafua_PopupTiled_2880.png"
      },
      {
        "contentLength": 20969649,
        "resolution": "3840x2160",
        "tags": [
          "preview",
          "tiled",
          "retina"
        ],
        "uri": "sfjmafua_PopupTiled_3840.png"
      },
      {
        "contentLength": 2818125,
        "resolution": "1440x768",
        "tags": [
          "preview"
        ],
        "uri": "sfjmafua_Popup_1440.png"
      },
      {
        "contentLength": 5143622,
        "resolution": "1920x1080",
        "tags": [
          "preview"
        ],
        "uri": "sfjmafua_Popup_1920.png"
      },
      {
        "contentLength": 10539609,
        "resolution": "2880x1536",
        "tags": [
          "preview",
          "retina"
        ],
        "uri": "sfjmafua_Popup_2880.png"
      },
      {
        "contentLength": 19333016,
        "resolution": "3840x2160",
        "tags": [
          "preview",
          "retina"
        ],
        "uri": "sfjmafua_Popup_3840.png"
      }
    ],
    "relativeSize": "1x1",
    "scaleReferences": []
  },
  "process_date": "2024-04-17 17:07:25",
  "properties": [],
  "referencePreviews": {
    "maps": [],
    "models": []
  },
  "references": [],
  "revised": false,
  "semanticTags": {
    "architectural_style": {},
    "asset_type": "surface",
    "color": [
      "yellow"
    ],
    "contains": [
      "grass",
      "soil",
      "weeds"
    ],
    "descriptive": [
      "ground"
    ],
    "environment": [
      "grassland biome",
      "tundra biome",
      "rainforest biome",
      "tropical jungle biome",
      "forest biome",
      "rural"
    ],
    "industry": [
      "archviz",
      "games",
      "VFX"
    ],
    "interior_exterior": [],
    "locations": {
      "Global": {
        "Global": {}
      }
    },
    "maxSize": 2,
    "minSize": 2,
    "name": "Forest Floor",
    "orientation": [],
    "resolution": 8192,
    "state": [
      "old"
    ],
    "subject_matter": "nature",
    "theme": [
      "forest",
      "ground"
    ]
  },
  "tags": [
    "surface mix",
    "saturated",
    "vivid",
    "colorful",
    "smokey",
    "smoky",
    "yellow",
    "archviz"
  ],
  "texelDensity": 4096,
  "texture_type": "basic",
  "ue_plugin_archives": [
    {
      "contentLength": 319919950,
      "gltfVersion": "2.0",
      "tier": 0,
      "type": "gltf",
      "uri": "ue_plugin_archives/tier_0/sfjmafua_tier_0.zip",
      "version": 1
    },
    {
      "contentLength": 102317559,
      "gltfVersion": "2.0",
      "tier": 1,
      "type": "gltf",
      "uri": "ue_plugin_archives/tier_1/sfjmafua_tier_1.zip",
      "version": 1
    },
    {
      "contentLength": 25596063,
      "gltfVersion": "2.0",
      "tier": 2,
      "type": "gltf",
      "uri": "ue_plugin_archives/tier_2/sfjmafua_tier_2.zip",
      "version": 1
    },
    {
      "contentLength": 2472445,
      "gltfVersion": "2.0",
      "tier": 3,
      "type": "gltf",
      "uri": "ue_plugin_archives/tier_3/sfjmafua_tier_3.zip",
      "version": 1
    }
  ],
  "version": 2
}